DMU,Daily Staff Hours,Daily Supplies,Reimbursed Patient-Days,Privately Paid Patient-Days,Efficiency,Peers 1,Peers 2,Peers 3,Lambda 1 ,Lambda 2,Lambda 3 ,Lambda 4 
Facility 1,150,0.2,14000,3500,1,1,,,1,0,0,0
Facility 2,400,0.7,14000,21000,1,2,,,0,1,0,0
Facility 3,320,1.2,42000,10500,1,3,,,0,0,1,0
Facility 4,520,2,28000,42000,1,4,,,0,0,0,1
Facility 5,350,1.2,19000,25000,0.9775,1,2,4,0.2,0.08048142,0,0.5383307
Facility 6,320,0.7,14000,15000,0.8675,1,2,4,0.3428571,0.39499264,0,0.1310751
